fold,component_id,pixels,projected_centroid_x_m,projected_centroid_y_m,mean_view_A_score,mean_view_B_paired_shoulder_score,donor_threshold,receiver_abstain_lo,receiver_abstain_hi,mean_nearest_catalogue_distance_px,pixel_shape_elongation,principal_axis_degrees_from_easting,band_02_mean_raw,band_13_mean_raw,band_15_mean_raw,geology_reasoning,candidate_status
0,2,10,519610.0,4499920.0,0.880771279335022,0.5032323002815247,0.864146093540044,0.3498922753979563,0.5871124006418965,4.814323287284532,6.978061296459661,52.58425489264421,-76.6717300415039,8.984006881713867,52.40239334106445,"A-only here means View A exceeded its training-only 99th-percentile score while the surface-view receiver lay in its training-only 40th–80th percentile abstention interval. This is a candidate for a structure ranked highly by potential-field/subsurface inputs but not highly ranked by the combined 100 m surface view, which is physically compatible with a buried fault beneath sedimentary cover. The component's recorded magnetic/gravity/basement-band means and line-shape statistics are context for review, not proof that any one layer caused the score. Intrusions, lithologic contacts, acquisition artifacts, strain/seismic backgrounds, and DEM generalization remain competing explanations; verify a coherent cross-band edge and independent geology before calling it a fault.",research diagnostic only; not independently geologically verified
1,8,5,354240.0,4441960.0,0.8149210810661316,0.4744526445865631,0.8073439244791378,0.4006113982581125,0.5980998157448577,4.159206887339694,3.401011554437608,69.00639375209168,10.318220138549805,-10.062417984008789,354.63043212890625,"A-only here means View A exceeded its training-only 99th-percentile score while the surface-view receiver lay in its training-only 40th–80th percentile abstention interval. This is a candidate for a structure ranked highly by potential-field/subsurface inputs but not highly ranked by the combined 100 m surface view, which is physically compatible with a buried fault beneath sedimentary cover. The component's recorded magnetic/gravity/basement-band means and line-shape statistics are context for review, not proof that any one layer caused the score. Intrusions, lithologic contacts, acquisition artifacts, strain/seismic backgrounds, and DEM generalization remain competing explanations; verify a coherent cross-band edge and independent geology before calling it a fault.",research diagnostic only; not independently geologically verified
1,77,12,403816.6666666667,4311375.0,0.8156748414039612,0.5174026489257812,0.8073439244791378,0.4006113982581125,0.5980998157448577,6.315231134404279,1.9188232934653306,105.84025685647933,57.97072982788086,-12.361302375793457,462.58544921875,"A-only here means View A exceeded its training-only 99th-percentile score while the surface-view receiver lay in its training-only 40th–80th percentile abstention interval. This is a candidate for a structure ranked highly by potential-field/subsurface inputs but not highly ranked by the combined 100 m surface view, which is physically compatible with a buried fault beneath sedimentary cover. The component's recorded magnetic/gravity/basement-band means and line-shape statistics are context for review, not proof that any one layer caused the score. Intrusions, lithologic contacts, acquisition artifacts, strain/seismic backgrounds, and DEM generalization remain competing explanations; verify a coherent cross-band edge and independent geology before calling it a fault.",research diagnostic only; not independently geologically verified
1,103,8,430725.0,4260187.5,0.8243690133094788,0.5657169222831726,0.8073439244791378,0.4006113982581125,0.5980998157448577,7.886881035348539,2.993085253604588,164.6435861424206,-254.33230590820312,-1.6190325021743774,50.206520080566406,"A-only here means View A exceeded its training-only 99th-percentile score while the surface-view receiver lay in its training-only 40th–80th percentile abstention interval. This is a candidate for a structure ranked highly by potential-field/subsurface inputs but not highly ranked by the combined 100 m surface view, which is physically compatible with a buried fault beneath sedimentary cover. The component's recorded magnetic/gravity/basement-band means and line-shape statistics are context for review, not proof that any one layer caused the score. Intrusions, lithologic contacts, acquisition artifacts, strain/seismic backgrounds, and DEM generalization remain competing explanations; verify a coherent cross-band edge and independent geology before calling it a fault.",research diagnostic only; not independently geologically verified
1,126,6,420716.6666666667,4257716.666666667,0.8187137246131897,0.5157577395439148,0.8073439244791378,0.4006113982581125,0.5980998157448577,6.173307069602253,2.80803899818289,118.86217784271119,-183.5984344482422,-6.099708080291748,196.8780975341797,"A-only here means View A exceeded its training-only 99th-percentile score while the surface-view receiver lay in its training-only 40th–80th percentile abstention interval. This is a candidate for a structure ranked highly by potential-field/subsurface inputs but not highly ranked by the combined 100 m surface view, which is physically compatible with a buried fault beneath sedimentary cover. The component's recorded magnetic/gravity/basement-band means and line-shape statistics are context for review, not proof that any one layer caused the score. Intrusions, lithologic contacts, acquisition artifacts, strain/seismic backgrounds, and DEM generalization remain competing explanations; verify a coherent cross-band edge and independent geology before calling it a fault.",research diagnostic only; not independently geologically verified
1,136,8,430700.0,4256075.0,0.8137238025665283,0.5087655186653137,0.8073439244791378,0.4006113982581125,0.5980998157448577,5.2399327789815935,1.6488535552317756,114.40703741714518,-146.9817657470703,-15.825187683105469,925.4234619140625,"A-only here means View A exceeded its training-only 99th-percentile score while the surface-view receiver lay in its training-only 40th–80th percentile abstention interval. This is a candidate for a structure ranked highly by potential-field/subsurface inputs but not highly ranked by the combined 100 m surface view, which is physically compatible with a buried fault beneath sedimentary cover. The component's recorded magnetic/gravity/basement-band means and line-shape statistics are context for review, not proof that any one layer caused the score. Intrusions, lithologic contacts, acquisition artifacts, strain/seismic backgrounds, and DEM generalization remain competing explanations; verify a coherent cross-band edge and independent geology before calling it a fault.",research diagnostic only; not independently geologically verified
1,151,12,429000.0,4247791.666666667,0.8289805054664612,0.444563627243042,0.8073439244791378,0.4006113982581125,0.5980998157448577,6.480330939821287,1.6277879940095512,94.4008541616039,-58.04128646850586,-22.25775718688965,1318.8509521484375,"A-only here means View A exceeded its training-only 99th-percentile score while the surface-view receiver lay in its training-only 40th–80th percentile abstention interval. This is a candidate for a structure ranked highly by potential-field/subsurface inputs but not highly ranked by the combined 100 m surface view, which is physically compatible with a buried fault beneath sedimentary cover. The component's recorded magnetic/gravity/basement-band means and line-shape statistics are context for review, not proof that any one layer caused the score. Intrusions, lithologic contacts, acquisition artifacts, strain/seismic backgrounds, and DEM generalization remain competing explanations; verify a coherent cross-band edge and independent geology before calling it a fault.",research diagnostic only; not independently geologically verified
1,165,8,367687.5,4211637.5,0.8621964454650879,0.5841326117515564,0.8073439244791378,0.4006113982581125,0.5980998157448577,6.949145057773697,2.54391792829023,167.10198675275,71.32904052734375,-24.751930236816406,683.0411987304688,"A-only here means View A exceeded its training-only 99th-percentile score while the surface-view receiver lay in its training-only 40th–80th percentile abstention interval. This is a candidate for a structure ranked highly by potential-field/subsurface inputs but not highly ranked by the combined 100 m surface view, which is physically compatible with a buried fault beneath sedimentary cover. The component's recorded magnetic/gravity/basement-band means and line-shape statistics are context for review, not proof that any one layer caused the score. Intrusions, lithologic contacts, acquisition artifacts, strain/seismic backgrounds, and DEM generalization remain competing explanations; verify a coherent cross-band edge and independent geology before calling it a fault.",research diagnostic only; not independently geologically verified
2,4,8,520062.5,4500375.0,0.8193967342376709,0.5534720420837402,0.8060859713228681,0.3761439296542675,0.607757612655267,5.355514691929146,1.5044189192321098,72.70385565624503,-67.873046875,9.734363555908203,30.271156311035156,"A-only here means View A exceeded its training-only 99th-percentile score while the surface-view receiver lay in its training-only 40th–80th percentile abstention interval. This is a candidate for a structure ranked highly by potential-field/subsurface inputs but not highly ranked by the combined 100 m surface view, which is physically compatible with a buried fault beneath sedimentary cover. The component's recorded magnetic/gravity/basement-band means and line-shape statistics are context for review, not proof that any one layer caused the score. Intrusions, lithologic contacts, acquisition artifacts, strain/seismic backgrounds, and DEM generalization remain competing explanations; verify a coherent cross-band edge and independent geology before calling it a fault.",research diagnostic only; not independently geologically verified
2,14,14,402800.0,4496685.714285715,0.8149062991142273,0.5060139894485474,0.8060859713228681,0.3761439296542675,0.607757612655267,13.130216913730992,2.690291509011644,38.81302268597298,33.01788330078125,5.652947902679443,155.6448974609375,"A-only here means View A exceeded its training-only 99th-percentile score while the surface-view receiver lay in its training-only 40th–80th percentile abstention interval. This is a candidate for a structure ranked highly by potential-field/subsurface inputs but not highly ranked by the combined 100 m surface view, which is physically compatible with a buried fault beneath sedimentary cover. The component's recorded magnetic/gravity/basement-band means and line-shape statistics are context for review, not proof that any one layer caused the score. Intrusions, lithologic contacts, acquisition artifacts, strain/seismic backgrounds, and DEM generalization remain competing explanations; verify a coherent cross-band edge and independent geology before calling it a fault.",research diagnostic only; not independently geologically verified
2,16,6,403850.0,4496600.0,0.8157960772514343,0.5916514992713928,0.8060859713228681,0.3761439296542675,0.607757612655267,5.326578903922815,1.632993161855452,90.0,34.420047760009766,6.892440319061279,184.37109375,"A-only here means View A exceeded its training-only 99th-percentile score while the surface-view receiver lay in its training-only 40th–80th percentile abstention interval. This is a candidate for a structure ranked highly by potential-field/subsurface inputs but not highly ranked by the combined 100 m surface view, which is physically compatible with a buried fault beneath sedimentary cover. The component's recorded magnetic/gravity/basement-band means and line-shape statistics are context for review, not proof that any one layer caused the score. Intrusions, lithologic contacts, acquisition artifacts, strain/seismic backgrounds, and DEM generalization remain competing explanations; verify a coherent cross-band edge and independent geology before calling it a fault.",research diagnostic only; not independently geologically verified
2,24,7,521314.28571428574,4489271.428571428,0.8066269755363464,0.5129856467247009,0.8060859713228681,0.3761439296542675,0.607757612655267,8.800668235688542,1.4494411534739895,30.472697950461395,-51.01337814331055,5.141260623931885,170.87413024902344,"A-only here means View A exceeded its training-only 99th-percentile score while the surface-view receiver lay in its training-only 40th–80th percentile abstention interval. This is a candidate for a structure ranked highly by potential-field/subsurface inputs but not highly ranked by the combined 100 m surface view, which is physically compatible with a buried fault beneath sedimentary cover. The component's recorded magnetic/gravity/basement-band means and line-shape statistics are context for review, not proof that any one layer caused the score. Intrusions, lithologic contacts, acquisition artifacts, strain/seismic backgrounds, and DEM generalization remain competing explanations; verify a coherent cross-band edge and independent geology before calling it a fault.",research diagnostic only; not independently geologically verified
2,37,14,514500.0,4483300.0,0.81654292345047,0.49293455481529236,0.8060859713228681,0.3761439296542675,0.607757612655267,5.565345879959588,9.055385138137417,0.0,-159.7606658935547,-3.782560110092163,182.37417602539062,"A-only here means View A exceeded its training-only 99th-percentile score while the surface-view receiver lay in its training-only 40th–80th percentile abstention interval. This is a candidate for a structure ranked highly by potential-field/subsurface inputs but not highly ranked by the combined 100 m surface view, which is physically compatible with a buried fault beneath sedimentary cover. The component's recorded magnetic/gravity/basement-band means and line-shape statistics are context for review, not proof that any one layer caused the score. Intrusions, lithologic contacts, acquisition artifacts, strain/seismic backgrounds, and DEM generalization remain competing explanations; verify a coherent cross-band edge and independent geology before calling it a fault.",research diagnostic only; not independently geologically verified
2,55,15,328153.3333333333,4460506.666666667,0.8223395943641663,0.5572508573532104,0.8060859713228681,0.3761439296542675,0.607757612655267,5.414407780131986,3.3836162902627454,93.52140649568464,-254.17684936523438,-0.8504804372787476,265.0207214355469,"A-only here means View A exceeded its training-only 99th-percentile score while the surface-view receiver lay in its training-only 40th–80th percentile abstention interval. This is a candidate for a structure ranked highly by potential-field/subsurface inputs but not highly ranked by the combined 100 m surface view, which is physically compatible with a buried fault beneath sedimentary cover. The component's recorded magnetic/gravity/basement-band means and line-shape statistics are context for review, not proof that any one layer caused the score. Intrusions, lithologic contacts, acquisition artifacts, strain/seismic backgrounds, and DEM generalization remain competing explanations; verify a coherent cross-band edge and independent geology before calling it a fault.",research diagnostic only; not independently geologically verified
2,71,5,539600.0,4456200.0,0.8187945485115051,0.4789400100708008,0.8060859713228681,0.3761439296542675,0.607757612655267,4.290748647609453,5.828427124746193,22.5,196.8119659423828,5.123100280761719,211.0436553955078,"A-only here means View A exceeded its training-only 99th-percentile score while the surface-view receiver lay in its training-only 40th–80th percentile abstention interval. This is a candidate for a structure ranked highly by potential-field/subsurface inputs but not highly ranked by the combined 100 m surface view, which is physically compatible with a buried fault beneath sedimentary cover. The component's recorded magnetic/gravity/basement-band means and line-shape statistics are context for review, not proof that any one layer caused the score. Intrusions, lithologic contacts, acquisition artifacts, strain/seismic backgrounds, and DEM generalization remain competing explanations; verify a coherent cross-band edge and independent geology before calling it a fault.",research diagnostic only; not independently geologically verified
2,73,7,538885.7142857143,4455300.0,0.8101392388343811,0.45622968673706055,0.8060859713228681,0.3761439296542675,0.607757612655267,5.575791605057481,4.170002480739969,53.909444457261394,228.86058044433594,7.719827175140381,233.52040100097656,"A-only here means View A exceeded its training-only 99th-percentile score while the surface-view receiver lay in its training-only 40th–80th percentile abstention interval. This is a candidate for a structure ranked highly by potential-field/subsurface inputs but not highly ranked by the combined 100 m surface view, which is physically compatible with a buried fault beneath sedimentary cover. The component's recorded magnetic/gravity/basement-band means and line-shape statistics are context for review, not proof that any one layer caused the score. Intrusions, lithologic contacts, acquisition artifacts, strain/seismic backgrounds, and DEM generalization remain competing explanations; verify a coherent cross-band edge and independent geology before calling it a fault.",research diagnostic only; not independently geologically verified
2,116,13,372400.0,4408946.153846154,0.8214244246482849,0.5458008050918579,0.8060859713228681,0.3761439296542675,0.607757612655267,11.231427867482385,1.518722463611203,117.06508824113934,-172.01446533203125,-25.385730743408203,600.2505493164062,"A-only here means View A exceeded its training-only 99th-percentile score while the surface-view receiver lay in its training-only 40th–80th percentile abstention interval. This is a candidate for a structure ranked highly by potential-field/subsurface inputs but not highly ranked by the combined 100 m surface view, which is physically compatible with a buried fault beneath sedimentary cover. The component's recorded magnetic/gravity/basement-band means and line-shape statistics are context for review, not proof that any one layer caused the score. Intrusions, lithologic contacts, acquisition artifacts, strain/seismic backgrounds, and DEM generalization remain competing explanations; verify a coherent cross-band edge and independent geology before calling it a fault.",research diagnostic only; not independently geologically verified
2,121,7,371671.4285714286,4406471.428571428,0.8295373916625977,0.5047951936721802,0.8060859713228681,0.3761439296542675,0.607757612655267,8.451049910833033,2.53770714800629,60.128218581764635,-71.50761413574219,-24.855457305908203,600.1434326171875,"A-only here means View A exceeded its training-only 99th-percentile score while the surface-view receiver lay in its training-only 40th–80th percentile abstention interval. This is a candidate for a structure ranked highly by potential-field/subsurface inputs but not highly ranked by the combined 100 m surface view, which is physically compatible with a buried fault beneath sedimentary cover. The component's recorded magnetic/gravity/basement-band means and line-shape statistics are context for review, not proof that any one layer caused the score. Intrusions, lithologic contacts, acquisition artifacts, strain/seismic backgrounds, and DEM generalization remain competing explanations; verify a coherent cross-band edge and independent geology before calling it a fault.",research diagnostic only; not independently geologically verified
2,161,5,400340.0,4385540.0,0.8113768696784973,0.5747871398925781,0.8060859713228681,0.3761439296542675,0.607757612655267,10.758935063785604,3.401011554437608,110.99360624790833,-98.7177963256836,-12.039758682250977,315.724365234375,"A-only here means View A exceeded its training-only 99th-percentile score while the surface-view receiver lay in its training-only 40th–80th percentile abstention interval. This is a candidate for a structure ranked highly by potential-field/subsurface inputs but not highly ranked by the combined 100 m surface view, which is physically compatible with a buried fault beneath sedimentary cover. The component's recorded magnetic/gravity/basement-band means and line-shape statistics are context for review, not proof that any one layer caused the score. Intrusions, lithologic contacts, acquisition artifacts, strain/seismic backgrounds, and DEM generalization remain competing explanations; verify a coherent cross-band edge and independent geology before calling it a fault.",research diagnostic only; not independently geologically verified
2,167,21,395819.04761904763,4364242.857142857,0.8165776133537292,0.4934179186820984,0.8060859713228681,0.3761439296542675,0.607757612655267,7.367310420291894,1.5882150142357776,124.80995220783183,-115.7814712524414,-8.120500564575195,68.12045288085938,"A-only here means View A exceeded its training-only 99th-percentile score while the surface-view receiver lay in its training-only 40th–80th percentile abstention interval. This is a candidate for a structure ranked highly by potential-field/subsurface inputs but not highly ranked by the combined 100 m surface view, which is physically compatible with a buried fault beneath sedimentary cover. The component's recorded magnetic/gravity/basement-band means and line-shape statistics are context for review, not proof that any one layer caused the score. Intrusions, lithologic contacts, acquisition artifacts, strain/seismic backgrounds, and DEM generalization remain competing explanations; verify a coherent cross-band edge and independent geology before calling it a fault.",research diagnostic only; not independently geologically verified
2,180,5,396200.0,4363160.0,0.8076764941215515,0.5863044261932373,0.8060859713228681,0.3761439296542675,0.607757612655267,6.985591854121208,6.307788856155293,17.143438488604488,-104.4908676147461,-10.385900497436523,79.8963623046875,"A-only here means View A exceeded its training-only 99th-percentile score while the surface-view receiver lay in its training-only 40th–80th percentile abstention interval. This is a candidate for a structure ranked highly by potential-field/subsurface inputs but not highly ranked by the combined 100 m surface view, which is physically compatible with a buried fault beneath sedimentary cover. The component's recorded magnetic/gravity/basement-band means and line-shape statistics are context for review, not proof that any one layer caused the score. Intrusions, lithologic contacts, acquisition artifacts, strain/seismic backgrounds, and DEM generalization remain competing explanations; verify a coherent cross-band edge and independent geology before calling it a fault.",research diagnostic only; not independently geologically verified
2,218,13,397423.07692307694,4357523.076923077,0.8118671774864197,0.4684520959854126,0.8060859713228681,0.3761439296542675,0.607757612655267,5.676896172922552,1.557311795731367,96.79547422392066,-128.99266052246094,-12.980660438537598,180.69577026367188,"A-only here means View A exceeded its training-only 99th-percentile score while the surface-view receiver lay in its training-only 40th–80th percentile abstention interval. This is a candidate for a structure ranked highly by potential-field/subsurface inputs but not highly ranked by the combined 100 m surface view, which is physically compatible with a buried fault beneath sedimentary cover. The component's recorded magnetic/gravity/basement-band means and line-shape statistics are context for review, not proof that any one layer caused the score. Intrusions, lithologic contacts, acquisition artifacts, strain/seismic backgrounds, and DEM generalization remain competing explanations; verify a coherent cross-band edge and independent geology before calling it a fault.",research diagnostic only; not independently geologically verified
2,227,5,402900.0,4355100.0,0.8096779584884644,0.5725619196891785,0.8060859713228681,0.3761439296542675,0.607757612655267,3.7478253047666605,2.618033988749895,58.282525588538995,-105.085693359375,-10.55671215057373,37.958030700683594,"A-only here means View A exceeded its training-only 99th-percentile score while the surface-view receiver lay in its training-only 40th–80th percentile abstention interval. This is a candidate for a structure ranked highly by potential-field/subsurface inputs but not highly ranked by the combined 100 m surface view, which is physically compatible with a buried fault beneath sedimentary cover. The component's recorded magnetic/gravity/basement-band means and line-shape statistics are context for review, not proof that any one layer caused the score. Intrusions, lithologic contacts, acquisition artifacts, strain/seismic backgrounds, and DEM generalization remain competing explanations; verify a coherent cross-band edge and independent geology before calling it a fault.",research diagnostic only; not independently geologically verified
2,248,6,396283.3333333333,4351066.666666667,0.8112098574638367,0.5143226981163025,0.8060859713228681,0.3761439296542675,0.607757612655267,5.8268546378059485,1.482625613259342,149.67887677139564,-233.4185791015625,-8.411715507507324,163.48526000976562,"A-only here means View A exceeded its training-only 99th-percentile score while the surface-view receiver lay in its training-only 40th–80th percentile abstention interval. This is a candidate for a structure ranked highly by potential-field/subsurface inputs but not highly ranked by the combined 100 m surface view, which is physically compatible with a buried fault beneath sedimentary cover. The component's recorded magnetic/gravity/basement-band means and line-shape statistics are context for review, not proof that any one layer caused the score. Intrusions, lithologic contacts, acquisition artifacts, strain/seismic backgrounds, and DEM generalization remain competing explanations; verify a coherent cross-band edge and independent geology before calling it a fault.",research diagnostic only; not independently geologically verified
2,281,34,426364.70588235295,4263129.411764706,0.8172184824943542,0.47814834117889404,0.8060859713228681,0.3761439296542675,0.607757612655267,8.665906835694454,2.064806939120474,154.7732393834004,-205.50350952148438,-2.7258853912353516,220.504638671875,"A-only here means View A exceeded its training-only 99th-percentile score while the surface-view receiver lay in its training-only 40th–80th percentile abstention interval. This is a candidate for a structure ranked highly by potential-field/subsurface inputs but not highly ranked by the combined 100 m surface view, which is physically compatible with a buried fault beneath sedimentary cover. The component's recorded magnetic/gravity/basement-band means and line-shape statistics are context for review, not proof that any one layer caused the score. Intrusions, lithologic contacts, acquisition artifacts, strain/seismic backgrounds, and DEM generalization remain competing explanations; verify a coherent cross-band edge and independent geology before calling it a fault.",research diagnostic only; not independently geologically verified
2,287,11,429463.63636363635,4261590.909090909,0.8427810668945312,0.4057152569293976,0.8060859713228681,0.3761439296542675,0.607757612655267,5.381433129897578,1.1978241142570356,161.565051177078,-243.43740844726562,0.8263698816299438,69.27261352539062,"A-only here means View A exceeded its training-only 99th-percentile score while the surface-view receiver lay in its training-only 40th–80th percentile abstention interval. This is a candidate for a structure ranked highly by potential-field/subsurface inputs but not highly ranked by the combined 100 m surface view, which is physically compatible with a buried fault beneath sedimentary cover. The component's recorded magnetic/gravity/basement-band means and line-shape statistics are context for review, not proof that any one layer caused the score. Intrusions, lithologic contacts, acquisition artifacts, strain/seismic backgrounds, and DEM generalization remain competing explanations; verify a coherent cross-band edge and independent geology before calling it a fault.",research diagnostic only; not independently geologically verified
2,306,6,428850.0,4258866.666666667,0.8100836873054504,0.5936247110366821,0.8060859713228681,0.3761439296542675,0.607757612655267,3.6221740386234096,2.371708245126285,99.46232220802563,-204.63316345214844,-13.62462329864502,980.6117553710938,"A-only here means View A exceeded its training-only 99th-percentile score while the surface-view receiver lay in its training-only 40th–80th percentile abstention interval. This is a candidate for a structure ranked highly by potential-field/subsurface inputs but not highly ranked by the combined 100 m surface view, which is physically compatible with a buried fault beneath sedimentary cover. The component's recorded magnetic/gravity/basement-band means and line-shape statistics are context for review, not proof that any one layer caused the score. Intrusions, lithologic contacts, acquisition artifacts, strain/seismic backgrounds, and DEM generalization remain competing explanations; verify a coherent cross-band edge and independent geology before calling it a fault.",research diagnostic only; not independently geologically verified
2,318,8,432925.0,4256075.0,0.8111006617546082,0.541653573513031,0.8060859713228681,0.3761439296542675,0.607757612655267,17.559887872625694,4.542766545919968,104.08929505497959,-133.8458251953125,-3.212662935256958,210.3177490234375,"A-only here means View A exceeded its training-only 99th-percentile score while the surface-view receiver lay in its training-only 40th–80th percentile abstention interval. This is a candidate for a structure ranked highly by potential-field/subsurface inputs but not highly ranked by the combined 100 m surface view, which is physically compatible with a buried fault beneath sedimentary cover. The component's recorded magnetic/gravity/basement-band means and line-shape statistics are context for review, not proof that any one layer caused the score. Intrusions, lithologic contacts, acquisition artifacts, strain/seismic backgrounds, and DEM generalization remain competing explanations; verify a coherent cross-band edge and independent geology before calling it a fault.",research diagnostic only; not independently geologically verified
2,339,10,435710.0,4253120.0,0.8169844746589661,0.5014563202857971,0.8060859713228681,0.3761439296542675,0.607757612655267,48.75355228836055,3.668621994180481,107.9234337285881,-159.27096557617188,-4.547208786010742,203.81350708007812,"A-only here means View A exceeded its training-only 99th-percentile score while the surface-view receiver lay in its training-only 40th–80th percentile abstention interval. This is a candidate for a structure ranked highly by potential-field/subsurface inputs but not highly ranked by the combined 100 m surface view, which is physically compatible with a buried fault beneath sedimentary cover. The component's recorded magnetic/gravity/basement-band means and line-shape statistics are context for review, not proof that any one layer caused the score. Intrusions, lithologic contacts, acquisition artifacts, strain/seismic backgrounds, and DEM generalization remain competing explanations; verify a coherent cross-band edge and independent geology before calling it a fault.",research diagnostic only; not independently geologically verified
2,353,5,425680.0,4245360.0,0.8097470998764038,0.5837759375572205,0.8060859713228681,0.3761439296542675,0.607757612655267,11.474441552666244,2.457550210803594,57.387570284415965,-136.7110595703125,-9.826292037963867,101.29264831542969,"A-only here means View A exceeded its training-only 99th-percentile score while the surface-view receiver lay in its training-only 40th–80th percentile abstention interval. This is a candidate for a structure ranked highly by potential-field/subsurface inputs but not highly ranked by the combined 100 m surface view, which is physically compatible with a buried fault beneath sedimentary cover. The component's recorded magnetic/gravity/basement-band means and line-shape statistics are context for review, not proof that any one layer caused the score. Intrusions, lithologic contacts, acquisition artifacts, strain/seismic backgrounds, and DEM generalization remain competing explanations; verify a coherent cross-band edge and independent geology before calling it a fault.",research diagnostic only; not independently geologically verified
2,358,5,426020.0,4243280.0,0.8479512929916382,0.5823079943656921,0.8060859713228681,0.3761439296542675,0.607757612655267,11.596253141414147,3.5155494421403515,79.09929525682409,-203.65609741210938,-10.110719680786133,149.1951446533203,"A-only here means View A exceeded its training-only 99th-percentile score while the surface-view receiver lay in its training-only 40th–80th percentile abstention interval. This is a candidate for a structure ranked highly by potential-field/subsurface inputs but not highly ranked by the combined 100 m surface view, which is physically compatible with a buried fault beneath sedimentary cover. The component's recorded magnetic/gravity/basement-band means and line-shape statistics are context for review, not proof that any one layer caused the score. Intrusions, lithologic contacts, acquisition artifacts, strain/seismic backgrounds, and DEM generalization remain competing explanations; verify a coherent cross-band edge and independent geology before calling it a fault.",research diagnostic only; not independently geologically verified
3,11,6,446733.3333333333,4497133.333333333,0.8211047053337097,0.587262749671936,0.8154986450682898,0.3768173761122578,0.6062849345769099,5.301456606844008,3.211431796019927,93.17009587295496,-92.2679443359375,-9.050615310668945,345.2828063964844,"A-only here means View A exceeded its training-only 99th-percentile score while the surface-view receiver lay in its training-only 40th–80th percentile abstention interval. This is a candidate for a structure ranked highly by potential-field/subsurface inputs but not highly ranked by the combined 100 m surface view, which is physically compatible with a buried fault beneath sedimentary cover. The component's recorded magnetic/gravity/basement-band means and line-shape statistics are context for review, not proof that any one layer caused the score. Intrusions, lithologic contacts, acquisition artifacts, strain/seismic backgrounds, and DEM generalization remain competing explanations; verify a coherent cross-band edge and independent geology before calling it a fault.",research diagnostic only; not independently geologically verified
3,16,23,402343.47826086957,4496395.652173913,0.8303111791610718,0.5721407532691956,0.8154986450682898,0.3768173761122578,0.6062849345769099,13.730844199565055,1.1797026405929694,148.4236470566744,36.480072021484375,6.0563154220581055,109.09728240966797,"A-only here means View A exceeded its training-only 99th-percentile score while the surface-view receiver lay in its training-only 40th–80th percentile abstention interval. This is a candidate for a structure ranked highly by potential-field/subsurface inputs but not highly ranked by the combined 100 m surface view, which is physically compatible with a buried fault beneath sedimentary cover. The component's recorded magnetic/gravity/basement-band means and line-shape statistics are context for review, not proof that any one layer caused the score. Intrusions, lithologic contacts, acquisition artifacts, strain/seismic backgrounds, and DEM generalization remain competing explanations; verify a coherent cross-band edge and independent geology before calling it a fault.",research diagnostic only; not independently geologically verified
3,23,14,520571.4285714286,4494200.0,0.8238382339477539,0.5170219540596008,0.8154986450682898,0.3768173761122578,0.6062849345769099,6.767417577243308,4.2297314501556915,113.34234215894814,16.142860412597656,12.19791316986084,39.10280990600586,"A-only here means View A exceeded its training-only 99th-percentile score while the surface-view receiver lay in its training-only 40th–80th percentile abstention interval. This is a candidate for a structure ranked highly by potential-field/subsurface inputs but not highly ranked by the combined 100 m surface view, which is physically compatible with a buried fault beneath sedimentary cover. The component's recorded magnetic/gravity/basement-band means and line-shape statistics are context for review, not proof that any one layer caused the score. Intrusions, lithologic contacts, acquisition artifacts, strain/seismic backgrounds, and DEM generalization remain competing explanations; verify a coherent cross-band edge and independent geology before calling it a fault.",research diagnostic only; not independently geologically verified
3,36,6,520950.0,4489050.0,0.8272296786308289,0.5841779708862305,0.8154986450682898,0.3768173761122578,0.6062849345769099,8.082998055071796,2.449489742783178,18.434948822921996,-46.18733596801758,2.8230812549591064,233.7433319091797,"A-only here means View A exceeded its training-only 99th-percentile score while the surface-view receiver lay in its training-only 40th–80th percentile abstention interval. This is a candidate for a structure ranked highly by potential-field/subsurface inputs but not highly ranked by the combined 100 m surface view, which is physically compatible with a buried fault beneath sedimentary cover. The component's recorded magnetic/gravity/basement-band means and line-shape statistics are context for review, not proof that any one layer caused the score. Intrusions, lithologic contacts, acquisition artifacts, strain/seismic backgrounds, and DEM generalization remain competing explanations; verify a coherent cross-band edge and independent geology before calling it a fault.",research diagnostic only; not independently geologically verified
3,46,22,512854.54545454547,4483213.636363637,0.821650505065918,0.5287829637527466,0.8154986450682898,0.3768173761122578,0.6062849345769099,5.92503928282485,2.5952323287371364,45.288779429655726,-145.19610595703125,-8.30631160736084,236.74618530273438,"A-only here means View A exceeded its training-only 99th-percentile score while the surface-view receiver lay in its training-only 40th–80th percentile abstention interval. This is a candidate for a structure ranked highly by potential-field/subsurface inputs but not highly ranked by the combined 100 m surface view, which is physically compatible with a buried fault beneath sedimentary cover. The component's recorded magnetic/gravity/basement-band means and line-shape statistics are context for review, not proof that any one layer caused the score. Intrusions, lithologic contacts, acquisition artifacts, strain/seismic backgrounds, and DEM generalization remain competing explanations; verify a coherent cross-band edge and independent geology before calling it a fault.",research diagnostic only; not independently geologically verified
3,48,5,514600.0,4483300.0,0.8204604387283325,0.5178999304771423,0.8154986450682898,0.3768173761122578,0.6062849345769099,5.263027243114517,5000000.0,0.0,-160.2240753173828,-3.517322540283203,180.51846313476562,"A-only here means View A exceeded its training-only 99th-percentile score while the surface-view receiver lay in its training-only 40th–80th percentile abstention interval. This is a candidate for a structure ranked highly by potential-field/subsurface inputs but not highly ranked by the combined 100 m surface view, which is physically compatible with a buried fault beneath sedimentary cover. The component's recorded magnetic/gravity/basement-band means and line-shape statistics are context for review, not proof that any one layer caused the score. Intrusions, lithologic contacts, acquisition artifacts, strain/seismic backgrounds, and DEM generalization remain competing explanations; verify a coherent cross-band edge and independent geology before calling it a fault.",research diagnostic only; not independently geologically verified
3,49,12,512041.6666666667,4482466.666666667,0.8281607031822205,0.5836542844772339,0.8154986450682898,0.3768173761122578,0.6062849345769099,6.403479726138069,6.219400833967777,25.673960941705985,-119.13397979736328,-7.8101582527160645,226.39202880859375,"A-only here means View A exceeded its training-only 99th-percentile score while the surface-view receiver lay in its training-only 40th–80th percentile abstention interval. This is a candidate for a structure ranked highly by potential-field/subsurface inputs but not highly ranked by the combined 100 m surface view, which is physically compatible with a buried fault beneath sedimentary cover. The component's recorded magnetic/gravity/basement-band means and line-shape statistics are context for review, not proof that any one layer caused the score. Intrusions, lithologic contacts, acquisition artifacts, strain/seismic backgrounds, and DEM generalization remain competing explanations; verify a coherent cross-band edge and independent geology before calling it a fault.",research diagnostic only; not independently geologically verified
3,50,9,510011.1111111111,4481322.222222222,0.8221990466117859,0.5654599070549011,0.8154986450682898,0.3768173761122578,0.6062849345769099,5.40360739312975,2.7687267067792782,66.35469497868073,-90.85262298583984,-10.10235595703125,346.07904052734375,"A-only here means View A exceeded its training-only 99th-percentile score while the surface-view receiver lay in its training-only 40th–80th percentile abstention interval. This is a candidate for a structure ranked highly by potential-field/subsurface inputs but not highly ranked by the combined 100 m surface view, which is physically compatible with a buried fault beneath sedimentary cover. The component's recorded magnetic/gravity/basement-band means and line-shape statistics are context for review, not proof that any one layer caused the score. Intrusions, lithologic contacts, acquisition artifacts, strain/seismic backgrounds, and DEM generalization remain competing explanations; verify a coherent cross-band edge and independent geology before calling it a fault.",research diagnostic only; not independently geologically verified
3,67,7,540128.5714285715,4456400.0,0.8196343183517456,0.4570646584033966,0.8154986450682898,0.3768173761122578,0.6062849345769099,6.156500716206959,4.408894558270343,69.228309586021,253.15293884277344,5.6394944190979,114.35655212402344,"A-only here means View A exceeded its training-only 99th-percentile score while the surface-view receiver lay in its training-only 40th–80th percentile abstention interval. This is a candidate for a structure ranked highly by potential-field/subsurface inputs but not highly ranked by the combined 100 m surface view, which is physically compatible with a buried fault beneath sedimentary cover. The component's recorded magnetic/gravity/basement-band means and line-shape statistics are context for review, not proof that any one layer caused the score. Intrusions, lithologic contacts, acquisition artifacts, strain/seismic backgrounds, and DEM generalization remain competing explanations; verify a coherent cross-band edge and independent geology before calling it a fault.",research diagnostic only; not independently geologically verified
3,81,6,532516.6666666666,4449166.666666667,0.8231620788574219,0.5190998315811157,0.8154986450682898,0.3768173761122578,0.6062849345769099,4.471279402445739,3.0954872986275803,7.839762061209626,-85.6709976196289,-2.723738431930542,253.3369140625,"A-only here means View A exceeded its training-only 99th-percentile score while the surface-view receiver lay in its training-only 40th–80th percentile abstention interval. This is a candidate for a structure ranked highly by potential-field/subsurface inputs but not highly ranked by the combined 100 m surface view, which is physically compatible with a buried fault beneath sedimentary cover. The component's recorded magnetic/gravity/basement-band means and line-shape statistics are context for review, not proof that any one layer caused the score. Intrusions, lithologic contacts, acquisition artifacts, strain/seismic backgrounds, and DEM generalization remain competing explanations; verify a coherent cross-band edge and independent geology before calling it a fault.",research diagnostic only; not independently geologically verified
3,90,19,371605.2631578947,4406394.736842105,0.8290881514549255,0.47552022337913513,0.8154986450682898,0.3768173761122578,0.6062849345769099,9.392043138306867,1.3694991253083177,71.4448089041399,-68.96241760253906,-24.93181037902832,600.1215209960938,"A-only here means View A exceeded its training-only 99th-percentile score while the surface-view receiver lay in its training-only 40th–80th percentile abstention interval. This is a candidate for a structure ranked highly by potential-field/subsurface inputs but not highly ranked by the combined 100 m surface view, which is physically compatible with a buried fault beneath sedimentary cover. The component's recorded magnetic/gravity/basement-band means and line-shape statistics are context for review, not proof that any one layer caused the score. Intrusions, lithologic contacts, acquisition artifacts, strain/seismic backgrounds, and DEM generalization remain competing explanations; verify a coherent cross-band edge and independent geology before calling it a fault.",research diagnostic only; not independently geologically verified
3,100,12,397150.0,4392416.666666667,0.8326554894447327,0.4940124452114105,0.8154986450682898,0.3768173761122578,0.6062849345769099,4.553532875503889,3.25491058992662,118.15496623701013,-205.30088806152344,1.7121509313583374,73.54803466796875,"A-only here means View A exceeded its training-only 99th-percentile score while the surface-view receiver lay in its training-only 40th–80th percentile abstention interval. This is a candidate for a structure ranked highly by potential-field/subsurface inputs but not highly ranked by the combined 100 m surface view, which is physically compatible with a buried fault beneath sedimentary cover. The component's recorded magnetic/gravity/basement-band means and line-shape statistics are context for review, not proof that any one layer caused the score. Intrusions, lithologic contacts, acquisition artifacts, strain/seismic backgrounds, and DEM generalization remain competing explanations; verify a coherent cross-band edge and independent geology before calling it a fault.",research diagnostic only; not independently geologically verified
3,118,5,390380.0,4363180.0,0.8178703188896179,0.5833257436752319,0.8154986450682898,0.3768173761122578,0.6062849345769099,4.754637886024744,3.5155494421403515,169.0992952568241,-140.64801025390625,-12.645770072937012,86.0938491821289,"A-only here means View A exceeded its training-only 99th-percentile score while the surface-view receiver lay in its training-only 40th–80th percentile abstention interval. This is a candidate for a structure ranked highly by potential-field/subsurface inputs but not highly ranked by the combined 100 m surface view, which is physically compatible with a buried fault beneath sedimentary cover. The component's recorded magnetic/gravity/basement-band means and line-shape statistics are context for review, not proof that any one layer caused the score. Intrusions, lithologic contacts, acquisition artifacts, strain/seismic backgrounds, and DEM generalization remain competing explanations; verify a coherent cross-band edge and independent geology before calling it a fault.",research diagnostic only; not independently geologically verified
3,119,8,391475.0,4363025.0,0.8182834386825562,0.5070854425430298,0.8154986450682898,0.3768173761122578,0.6062849345769099,7.261610201715346,2.5495097567963927,135.0,-130.22573852539062,-11.6814603805542,116.28589630126953,"A-only here means View A exceeded its training-only 99th-percentile score while the surface-view receiver lay in its training-only 40th–80th percentile abstention interval. This is a candidate for a structure ranked highly by potential-field/subsurface inputs but not highly ranked by the combined 100 m surface view, which is physically compatible with a buried fault beneath sedimentary cover. The component's recorded magnetic/gravity/basement-band means and line-shape statistics are context for review, not proof that any one layer caused the score. Intrusions, lithologic contacts, acquisition artifacts, strain/seismic backgrounds, and DEM generalization remain competing explanations; verify a coherent cross-band edge and independent geology before calling it a fault.",research diagnostic only; not independently geologically verified
3,143,22,397763.63636363635,4359645.454545454,0.8367937207221985,0.43920496106147766,0.8154986450682898,0.3768173761122578,0.6062849345769099,8.615093546497828,3.6042939046121822,107.11653822756018,-88.36250305175781,-13.214691162109375,101.95618438720703,"A-only here means View A exceeded its training-only 99th-percentile score while the surface-view receiver lay in its training-only 40th–80th percentile abstention interval. This is a candidate for a structure ranked highly by potential-field/subsurface inputs but not highly ranked by the combined 100 m surface view, which is physically compatible with a buried fault beneath sedimentary cover. The component's recorded magnetic/gravity/basement-band means and line-shape statistics are context for review, not proof that any one layer caused the score. Intrusions, lithologic contacts, acquisition artifacts, strain/seismic backgrounds, and DEM generalization remain competing explanations; verify a coherent cross-band edge and independent geology before calling it a fault.",research diagnostic only; not independently geologically verified
3,187,5,381900.0,4211600.0,0.8241866827011108,0.4382242262363434,0.8154986450682898,0.3768173761122578,0.6062849345769099,7.40584171106169,5000000.0,0.0,-365.94793701171875,-11.676315307617188,209.21066284179688,"A-only here means View A exceeded its training-only 99th-percentile score while the surface-view receiver lay in its training-only 40th–80th percentile abstention interval. This is a candidate for a structure ranked highly by potential-field/subsurface inputs but not highly ranked by the combined 100 m surface view, which is physically compatible with a buried fault beneath sedimentary cover. The component's recorded magnetic/gravity/basement-band means and line-shape statistics are context for review, not proof that any one layer caused the score. Intrusions, lithologic contacts, acquisition artifacts, strain/seismic backgrounds, and DEM generalization remain competing explanations; verify a coherent cross-band edge and independent geology before calling it a fault.",research diagnostic only; not independently geologically verified
3,191,16,368925.0,4210718.75,0.8723517060279846,0.5807434320449829,0.8154986450682898,0.3768173761122578,0.6062849345769099,7.776853060061834,1.2056186745097242,69.42408973046253,68.21122741699219,-23.681171417236328,686.6177978515625,"A-only here means View A exceeded its training-only 99th-percentile score while the surface-view receiver lay in its training-only 40th–80th percentile abstention interval. This is a candidate for a structure ranked highly by potential-field/subsurface inputs but not highly ranked by the combined 100 m surface view, which is physically compatible with a buried fault beneath sedimentary cover. The component's recorded magnetic/gravity/basement-band means and line-shape statistics are context for review, not proof that any one layer caused the score. Intrusions, lithologic contacts, acquisition artifacts, strain/seismic backgrounds, and DEM generalization remain competing explanations; verify a coherent cross-band edge and independent geology before calling it a fault.",research diagnostic only; not independently geologically verified
