candidate_id,candidate_kind,row,col,x_utm_m,y_utm_m,p_A_block_oof,p_B_block_oof,F_geo,nearest_site_distance_m,nearest_site_row,nearest_site_col,measured_temp_c,geothermquartz_c,geothermcat_c,geothermometer_difference_c,modelled_depth_to_basement_band15,detrended_elevation_slope_band19,geological_reasoning,alternative_and_falsifier,verification_status
H58-A-output-000001,H58-A output,177,2925,535900.0,4490800.0,0.387686,0.563846,1.000000,0.0,177,2925,25.000,150.050,141.550,8.500,127.932,7.363756,"Within 0 m of a qualifying cold discharge; quartz and cation reservoir estimates are 150.1 C and 141.6 C (gap 8.5 C). The frozen H58-A field value is 1.000; this is a thermal/geochemical permeability hypothesis, not a mapped fault.","An apparent anomaly may instead be a lithologic/contact response, geophysical inversion or interpolation artifact, or (for surface context) drainage/cover contrast. Falsifier: independent mapping or field evidence finds no fault-related offset/permeability, or the source-water chemistry/geothermometer assumptions fail.",Hypothesis only; not an independently mapped or verified fault.
H58-A-output-000002,H58-A output,185,2912,534600.0,4490000.0,0.370291,0.140500,1.000000,0.0,185,2912,25.000,252.340,241.230,11.110,168.002,38.001446,"Within 0 m of a qualifying cold discharge; quartz and cation reservoir estimates are 252.3 C and 241.2 C (gap 11.1 C). The frozen H58-A field value is 1.000; this is a thermal/geochemical permeability hypothesis, not a mapped fault.","An apparent anomaly may instead be a lithologic/contact response, geophysical inversion or interpolation artifact, or (for surface context) drainage/cover contrast. Falsifier: independent mapping or field evidence finds no fault-related offset/permeability, or the source-water chemistry/geothermometer assumptions fail.",Hypothesis only; not an independently mapped or verified fault.
H58-A-output-000003,H58-A output,317,530,296400.0,4476800.0,0.576012,0.688205,0.980000,100.0,317,529,17.000,161.170,172.450,11.280,1460.953,3.698916,"Within 100 m of a qualifying cold discharge; quartz and cation reservoir estimates are 161.2 C and 172.4 C (gap 11.3 C). The frozen H58-A field value is 0.980; this is a thermal/geochemical permeability hypothesis, not a mapped fault.","An apparent anomaly may instead be a lithologic/contact response, geophysical inversion or interpolation artifact, or (for surface context) drainage/cover contrast. Falsifier: independent mapping or field evidence finds no fault-related offset/permeability, or the source-water chemistry/geothermometer assumptions fail.",Hypothesis only; not an independently mapped or verified fault.
H58-A-output-000004,H58-A output,336,2257,469100.0,4474900.0,0.325169,0.419962,1.000000,0.0,336,2257,11.900,124.700,115.200,9.500,2153.900,0.017274,"Within 0 m of a qualifying cold discharge; quartz and cation reservoir estimates are 124.7 C and 115.2 C (gap 9.5 C). The frozen H58-A field value is 1.000; this is a thermal/geochemical permeability hypothesis, not a mapped fault.","An apparent anomaly may instead be a lithologic/contact response, geophysical inversion or interpolation artifact, or (for surface context) drainage/cover contrast. Falsifier: independent mapping or field evidence finds no fault-related offset/permeability, or the source-water chemistry/geothermometer assumptions fail.",Hypothesis only; not an independently mapped or verified fault.
H58-A-output-000005,H58-A output,622,2164,459800.0,4446300.0,0.556983,0.867494,1.000000,0.0,622,2164,17.500,142.230,132.740,9.490,88.356,7.751310,"Within 0 m of a qualifying cold discharge; quartz and cation reservoir estimates are 142.2 C and 132.7 C (gap 9.5 C). The frozen H58-A field value is 1.000; this is a thermal/geochemical permeability hypothesis, not a mapped fault.","An apparent anomaly may instead be a lithologic/contact response, geophysical inversion or interpolation artifact, or (for surface context) drainage/cover contrast. Falsifier: independent mapping or field evidence finds no fault-related offset/permeability, or the source-water chemistry/geothermometer assumptions fail.",Hypothesis only; not an independently mapped or verified fault.
H58-A-output-000006,H58-A output,1020,842,327600.0,4406500.0,0.511162,0.614251,0.980000,100.0,1021,842,16.000,161.170,155.690,5.480,952.579,2.394392,"Within 100 m of a qualifying cold discharge; quartz and cation reservoir estimates are 161.2 C and 155.7 C (gap 5.5 C). The frozen H58-A field value is 0.980; this is a thermal/geochemical permeability hypothesis, not a mapped fault.","An apparent anomaly may instead be a lithologic/contact response, geophysical inversion or interpolation artifact, or (for surface context) drainage/cover contrast. Falsifier: independent mapping or field evidence finds no fault-related offset/permeability, or the source-water chemistry/geothermometer assumptions fail.",Hypothesis only; not an independently mapped or verified fault.
H58-A-output-000007,H58-A output,1056,916,335000.0,4402900.0,0.366445,0.462051,1.000000,0.0,1056,916,27.000,216.840,226.470,9.630,763.108,1.850356,"Within 0 m of a qualifying cold discharge; quartz and cation reservoir estimates are 216.8 C and 226.5 C (gap 9.6 C). The frozen H58-A field value is 1.000; this is a thermal/geochemical permeability hypothesis, not a mapped fault.","An apparent anomaly may instead be a lithologic/contact response, geophysical inversion or interpolation artifact, or (for surface context) drainage/cover contrast. Falsifier: independent mapping or field evidence finds no fault-related offset/permeability, or the source-water chemistry/geothermometer assumptions fail.",Hypothesis only; not an independently mapped or verified fault.
H58-A-output-000008,H58-A output,1062,776,321000.0,4402300.0,0.381469,0.499987,0.256764,3716.2,1096,791,13.200,112.000,106.000,6.000,533.079,10.645055,"Within 3716 m of a qualifying cold discharge; quartz and cation reservoir estimates are 112.0 C and 106.0 C (gap 6.0 C). The frozen H58-A field value is 0.257; this is a thermal/geochemical permeability hypothesis, not a mapped fault.","An apparent anomaly may instead be a lithologic/contact response, geophysical inversion or interpolation artifact, or (for surface context) drainage/cover contrast. Falsifier: independent mapping or field evidence finds no fault-related offset/permeability, or the source-water chemistry/geothermometer assumptions fail.",Hypothesis only; not an independently mapped or verified fault.
H58-A-output-000009,H58-A output,1072,947,338100.0,4401300.0,0.445579,0.449645,0.302289,3488.6,1056,916,27.000,216.840,226.470,9.630,797.270,1.984994,"Within 3489 m of a qualifying cold discharge; quartz and cation reservoir estimates are 216.8 C and 226.5 C (gap 9.6 C). The frozen H58-A field value is 0.302; this is a thermal/geochemical permeability hypothesis, not a mapped fault.","An apparent anomaly may instead be a lithologic/contact response, geophysical inversion or interpolation artifact, or (for surface context) drainage/cover contrast. Falsifier: independent mapping or field evidence finds no fault-related offset/permeability, or the source-water chemistry/geothermometer assumptions fail.",Hypothesis only; not an independently mapped or verified fault.
H58-A-output-000010,H58-A output,1080,833,326700.0,4400500.0,0.387332,0.697848,1.000000,0.0,1080,833,17.000,137.190,147.790,10.600,870.164,0.679508,"Within 0 m of a qualifying cold discharge; quartz and cation reservoir estimates are 137.2 C and 147.8 C (gap 10.6 C). The frozen H58-A field value is 1.000; this is a thermal/geochemical permeability hypothesis, not a mapped fault.","An apparent anomaly may instead be a lithologic/contact response, geophysical inversion or interpolation artifact, or (for surface context) drainage/cover contrast. Falsifier: independent mapping or field evidence finds no fault-related offset/permeability, or the source-water chemistry/geothermometer assumptions fail.",Hypothesis only; not an independently mapped or verified fault.
H58-A-output-000011,H58-A output,1094,843,327700.0,4399100.0,0.470050,0.410800,1.000000,0.0,1094,843,13.300,109.000,108.700,0.300,988.481,1.244727,"Within 0 m of a qualifying cold discharge; quartz and cation reservoir estimates are 109.0 C and 108.7 C (gap 0.3 C). The frozen H58-A field value is 1.000; this is a thermal/geochemical permeability hypothesis, not a mapped fault.","An apparent anomaly may instead be a lithologic/contact response, geophysical inversion or interpolation artifact, or (for surface context) drainage/cover contrast. Falsifier: independent mapping or field evidence finds no fault-related offset/permeability, or the source-water chemistry/geothermometer assumptions fail.",Hypothesis only; not an independently mapped or verified fault.
H58-A-output-000012,H58-A output,1096,791,322500.0,4398900.0,0.366832,0.462842,1.000000,0.0,1096,791,13.200,112.000,106.000,6.000,387.601,0.281201,"Within 0 m of a qualifying cold discharge; quartz and cation reservoir estimates are 112.0 C and 106.0 C (gap 6.0 C). The frozen H58-A field value is 1.000; this is a thermal/geochemical permeability hypothesis, not a mapped fault.","An apparent anomaly may instead be a lithologic/contact response, geophysical inversion or interpolation artifact, or (for surface context) drainage/cover contrast. Falsifier: independent mapping or field evidence finds no fault-related offset/permeability, or the source-water chemistry/geothermometer assumptions fail.",Hypothesis only; not an independently mapped or verified fault.
H58-A-output-000013,H58-A output,1245,1014,344800.0,4384000.0,0.473237,0.517054,1.000000,0.0,1245,1014,21.000,118.190,118.080,0.110,595.173,0.209956,"Within 0 m of a qualifying cold discharge; quartz and cation reservoir estimates are 118.2 C and 118.1 C (gap 0.1 C). The frozen H58-A field value is 1.000; this is a thermal/geochemical permeability hypothesis, not a mapped fault.","An apparent anomaly may instead be a lithologic/contact response, geophysical inversion or interpolation artifact, or (for surface context) drainage/cover contrast. Falsifier: independent mapping or field evidence finds no fault-related offset/permeability, or the source-water chemistry/geothermometer assumptions fail.",Hypothesis only; not an independently mapped or verified fault.
H58-A-output-000014,H58-A output,1245,1026,346000.0,4384000.0,0.409847,0.372352,0.760000,1200.0,1245,1014,21.000,118.190,118.080,0.110,617.587,0.088877,"Within 1200 m of a qualifying cold discharge; quartz and cation reservoir estimates are 118.2 C and 118.1 C (gap 0.1 C). The frozen H58-A field value is 0.760; this is a thermal/geochemical permeability hypothesis, not a mapped fault.","An apparent anomaly may instead be a lithologic/contact response, geophysical inversion or interpolation artifact, or (for surface context) drainage/cover contrast. Falsifier: independent mapping or field evidence finds no fault-related offset/permeability, or the source-water chemistry/geothermometer assumptions fail.",Hypothesis only; not an independently mapped or verified fault.
H58-A-output-000015,H58-A output,1284,985,341900.0,4380100.0,0.426869,0.586975,1.000000,0.0,1284,985,27.000,206.760,218.390,11.630,455.360,0.709091,"Within 0 m of a qualifying cold discharge; quartz and cation reservoir estimates are 206.8 C and 218.4 C (gap 11.6 C). The frozen H58-A field value is 1.000; this is a thermal/geochemical permeability hypothesis, not a mapped fault.","An apparent anomaly may instead be a lithologic/contact response, geophysical inversion or interpolation artifact, or (for surface context) drainage/cover contrast. Falsifier: independent mapping or field evidence finds no fault-related offset/permeability, or the source-water chemistry/geothermometer assumptions fail.",Hypothesis only; not an independently mapped or verified fault.
H58-A-output-000016,H58-A output,1310,1086,352000.0,4377500.0,0.352508,0.416003,1.000000,0.0,1310,1086,20.500,101.900,109.980,8.080,464.430,0.093308,"Within 0 m of a qualifying cold discharge; quartz and cation reservoir estimates are 101.9 C and 110.0 C (gap 8.1 C). The frozen H58-A field value is 1.000; this is a thermal/geochemical permeability hypothesis, not a mapped fault.","An apparent anomaly may instead be a lithologic/contact response, geophysical inversion or interpolation artifact, or (for surface context) drainage/cover contrast. Falsifier: independent mapping or field evidence finds no fault-related offset/permeability, or the source-water chemistry/geothermometer assumptions fail.",Hypothesis only; not an independently mapped or verified fault.
H58-A-output-000017,H58-A output,1384,1067,350100.0,4370100.0,0.357916,0.296069,1.000000,0.0,1384,1067,21.000,101.620,104.890,3.270,699.137,0.141802,"Within 0 m of a qualifying cold discharge; quartz and cation reservoir estimates are 101.6 C and 104.9 C (gap 3.3 C). The frozen H58-A field value is 1.000; this is a thermal/geochemical permeability hypothesis, not a mapped fault.","An apparent anomaly may instead be a lithologic/contact response, geophysical inversion or interpolation artifact, or (for surface context) drainage/cover contrast. Falsifier: independent mapping or field evidence finds no fault-related offset/permeability, or the source-water chemistry/geothermometer assumptions fail.",Hypothesis only; not an independently mapped or verified fault.
H58-A-output-000018,H58-A output,1418,668,310200.0,4366700.0,0.442414,0.561049,1.000000,0.0,1418,668,29.300,145.100,132.100,13.000,346.984,0.734021,"Within 0 m of a qualifying cold discharge; quartz and cation reservoir estimates are 145.1 C and 132.1 C (gap 13.0 C). The frozen H58-A field value is 1.000; this is a thermal/geochemical permeability hypothesis, not a mapped fault.","An apparent anomaly may instead be a lithologic/contact response, geophysical inversion or interpolation artifact, or (for surface context) drainage/cover contrast. Falsifier: independent mapping or field evidence finds no fault-related offset/permeability, or the source-water chemistry/geothermometer assumptions fail.",Hypothesis only; not an independently mapped or verified fault.
H58-A-output-000019,H58-A output,1487,1103,353700.0,4359800.0,0.482548,0.281522,1.000000,0.0,1487,1103,12.000,126.400,131.680,5.280,802.850,0.226815,"Within 0 m of a qualifying cold discharge; quartz and cation reservoir estimates are 126.4 C and 131.7 C (gap 5.3 C). The frozen H58-A field value is 1.000; this is a thermal/geochemical permeability hypothesis, not a mapped fault.","An apparent anomaly may instead be a lithologic/contact response, geophysical inversion or interpolation artifact, or (for surface context) drainage/cover contrast. Falsifier: independent mapping or field evidence finds no fault-related offset/permeability, or the source-water chemistry/geothermometer assumptions fail.",Hypothesis only; not an independently mapped or verified fault.
H58-A-output-000020,H58-A output,1717,679,311300.0,4336800.0,0.385113,0.336707,1.000000,0.0,1717,679,20.000,151.470,142.620,8.850,473.403,0.863805,"Within 0 m of a qualifying cold discharge; quartz and cation reservoir estimates are 151.5 C and 142.6 C (gap 8.8 C). The frozen H58-A field value is 1.000; this is a thermal/geochemical permeability hypothesis, not a mapped fault.","An apparent anomaly may instead be a lithologic/contact response, geophysical inversion or interpolation artifact, or (for surface context) drainage/cover contrast. Falsifier: independent mapping or field evidence finds no fault-related offset/permeability, or the source-water chemistry/geothermometer assumptions fail.",Hypothesis only; not an independently mapped or verified fault.
H58-A-output-000021,H58-A output,1996,1046,348000.0,4308900.0,0.536883,0.381332,1.000000,0.0,1996,1046,12.000,101.810,114.360,12.550,2185.125,0.467348,"Within 0 m of a qualifying cold discharge; quartz and cation reservoir estimates are 101.8 C and 114.4 C (gap 12.5 C). The frozen H58-A field value is 1.000; this is a thermal/geochemical permeability hypothesis, not a mapped fault.","An apparent anomaly may instead be a lithologic/contact response, geophysical inversion or interpolation artifact, or (for surface context) drainage/cover contrast. Falsifier: independent mapping or field evidence finds no fault-related offset/permeability, or the source-water chemistry/geothermometer assumptions fail.",Hypothesis only; not an independently mapped or verified fault.
H58-A-output-000022,H58-A output,3189,1696,413000.0,4189600.0,0.688436,0.525243,1.000000,0.0,3189,1696,18.300,140.900,157.100,16.200,724.563,0.817840,"Within 0 m of a qualifying cold discharge; quartz and cation reservoir estimates are 140.9 C and 157.1 C (gap 16.2 C). The frozen H58-A field value is 1.000; this is a thermal/geochemical permeability hypothesis, not a mapped fault.","An apparent anomaly may instead be a lithologic/contact response, geophysical inversion or interpolation artifact, or (for surface context) drainage/cover contrast. Falsifier: independent mapping or field evidence finds no fault-related offset/permeability, or the source-water chemistry/geothermometer assumptions fail.",Hypothesis only; not an independently mapped or verified fault.
